{"cameraMode":{"drawMode":0,"name":"Shaded","section":"Shading Mode"},"sceneLighting":false,"audioPlay":false,"sceneViewState":{"m_AlwaysRefresh":false,"showFog":true,"showSkybox":true,"showFlares":true,"showImageEffects":true,"showParticleSystems":true,"showVisualEffectGraphs":true,"m_FxEnabled":true},"in2DMode":false,"pivot":{"x":0.05388255789875984,"y":2.4880616664886476,"z":-0.797680139541626},"rotation":{"x":0.29921770095825198,"y":0.6618680953979492,"z":-0.32784369587898257,"w":0.6041006445884705},"size":2.5303115844726564,"orthographic":false}