{"cameraMode":{"drawMode":0,"name":"Shaded","section":"Shading Mode"},"sceneLighting":true,"audioPlay":false,"sceneViewState":{"m_AlwaysRefresh":false,"showFog":true,"showSkybox":true,"showFlares":true,"showImageEffects":true,"showParticleSystems":true,"showVisualEffectGraphs":true,"m_FxEnabled":true},"in2DMode":false,"pivot":{"x":-92.91753387451172,"y":3.0216329097747804,"z":125.27748107910156},"rotation":{"x":0.0002901861153077334,"y":0.9982353448867798,"z":-0.059362366795539859,"w":0.0047864001244306568},"size":0.9566007256507874,"orthographic":false}