{"cameraMode":{"drawMode":0,"name":"Shaded","section":"Shading Mode"},"sceneLighting":true,"audioPlay":false,"sceneViewState":{"m_AlwaysRefresh":false,"showFog":true,"showSkybox":true,"showFlares":true,"showImageEffects":true,"showParticleSystems":true,"showVisualEffectGraphs":true,"m_FxEnabled":true},"in2DMode":false,"pivot":{"x":579.8250122070313,"y":-158.29864501953126,"z":690.5530395507813},"rotation":{"x":0.10039769858121872,"y":0.40936198830604555,"z":-0.04537217319011688,"w":0.9057026505470276},"size":600.0532836914063,"orthographic":false}