{"cameraMode":{"drawMode":0,"name":"Shaded","section":"Shading Mode"},"sceneLighting":false,"audioPlay":false,"sceneViewState":{"m_AlwaysRefresh":false,"showFog":false,"showSkybox":false,"showFlares":false,"showImageEffects":false,"showParticleSystems":false,"showVisualEffectGraphs":true,"m_FxEnabled":true},"in2DMode":false,"pivot":{"x":-0.006683528423309326,"y":0.8242526054382324,"z":0.07219567894935608},"rotation":{"x":-0.0005122116417624056,"y":-0.9698218703269959,"z":-0.0020385910756886007,"w":0.2438139021396637},"size":0.9628432393074036,"orthographic":false}